Epoch	Auc	Accuracy	loss
1	0.49266161743608433	0.6581964091867529	0.6485459194296882
2	0.4963473864638176	0.6596456927859777	0.6425778078181403
